test_id,rank,chunk_id,doc_id,title,score,chunk_text
T1,1,DOC-001-CASE-7,DOC-001,Billing and Payments,0.6183,Billing Assistance. Our company encountered unexpected billing discrepancies with annual subscriptions. We have already reviewed the billing history and reached out to support.
T1,2,DOC-001-CASE-10,DOC-001,Billing and Payments,0.6178,"Unanticipated Billing Discrepancies Across Various Products. Noted billing discrepancies across several products, possibly stemming from integration problems with payment gateways. Efforts to resolve by reviewing account settings and reconciling transactions have been inconclusive."
T1,3,DOC-001-CASE-1,DOC-001,Billing and Payments,0.6147,"Problems with Payment Processing. I recently ran into an unanticipated payment processing issue. This could be due to a technical problem or a subscription error. Despite checking my account balance and subscription status, the issue still exists. I would be grateful if you could investigate and provide a solution promptly. Please inform me if you require any additional information from me to address this issue."
T1,4,DOC-001-CASE-5,DOC-001,Billing and Payments,0.6143,Support Concern About Billing. A financial organization is facing incorrect billing charges for analytics services. The issue might have arisen from a data entry error. Attempts to reconcile statements and contact support have not resolved the problem. Appreciate a prompt review and resolution.
T1,5,DOC-001-CASE-4,DOC-001,Billing and Payments,0.4756,"Invoicing Errors and Zoho CRM Integration Issues. There have been invoicing errors because of incorrect billing data that was synced to QuickBooks. This problem might be linked to the integration with Zoho CRM. I have already restarted the MySQL service and reviewed the Joomla settings, but the issue still exists. Urgent help is needed to resolve this."
T2,1,DOC-001-CASE-1,DOC-001,Billing and Payments,0.8761,"Problems with Payment Processing. I recently ran into an unanticipated payment processing issue. This could be due to a technical problem or a subscription error. Despite checking my account balance and subscription status, the issue still exists. I would be grateful if you could investigate and provide a solution promptly. Please inform me if you require any additional information from me to address this issue."
T2,2,DOC-001-CASE-7,DOC-001,Billing and Payments,0.5555,Billing Assistance. Our company encountered unexpected billing discrepancies with annual subscriptions. We have already reviewed the billing history and reached out to support.
T2,3,DOC-001-CASE-5,DOC-001,Billing and Payments,0.5439,Support Concern About Billing. A financial organization is facing incorrect billing charges for analytics services. The issue might have arisen from a data entry error. Attempts to reconcile statements and contact support have not resolved the problem. Appreciate a prompt review and resolution.
T2,4,DOC-001-CASE-10,DOC-001,Billing and Payments,0.531,"Unanticipated Billing Discrepancies Across Various Products. Noted billing discrepancies across several products, possibly stemming from integration problems with payment gateways. Efforts to resolve by reviewing account settings and reconciling transactions have been inconclusive."
T2,5,DOC-009-CASE-8,DOC-009,Service Outages and Maintenance,0.4219,"Report on System Issues. Several integrations have encountered failures, which might be related to the potential expiration of API keys. Efforts were made to restart services and verify the credentials."
T3,1,DOC-003-CASE-13,DOC-003,General Inquiry,0.4842,"Query Concerning Campaign Metrics Update. I hope this message finds you well. I am currently encountering an issue where campaign metrics are not updating accurately. After verifying the data sources and refreshing the dashboard, the problem remains unresolved. I believe there might be a technical issue or an integration problem. I would greatly appreciate your prompt assistance in addressing this. Kindly inform me of any further actions required or if additional details are necessary to investigate. Thank you for your support in resolving this matter."
T3,2,DOC-006-CASE-7,DOC-006,Product Support,0.4736,"Unexpected Disappearance of Project Timelines. Project timelines vanished without warning during the night. There might be an integration problem with SAP ERP. After rebooting my computer and verifying the connection to the VPN router, the issue still exists."
T3,3,DOC-008-CASE-3,DOC-008,Sales and Pre-Sales,0.4416,Problems with Digital Campaign Measurement. The digital campaign measurements are not functioning accurately. The problem could be related to the integration with QuickBooks Online. I have already checked the API connections and the data synchronization.
T3,4,DOC-010-CASE-11,DOC-010,Technical Support,0.4125,"Problem with Data Load. The data analytics dashboard has failed to load, possibly due to insufficient server resources. I have already restarted the servers and verified the database connections, however, the problem still exists."
T3,5,DOC-005-CASE-14,DOC-005,IT Support,0.3971,"Investments Data Unavailable. There is a problem accessing your investments information because of a database glitch. We regret this inconvenience and assure you that our technical specialists are actively addressing the situation for your prompt resolution. Until then, we suggest monitoring our official website for updates on the status of the issue. Should you require urgent assistance or want to discuss your investments, please provide a suitable time for us to call you at <tel_num> or contact us at <email> with your <acc_num> and a comprehensive account of the encountered problem."
T4,1,DOC-007-CASE-13,DOC-007,Returns and Exchanges,0.5177,Dashboard Load Times Are Sluggish. Customers are facing delays in loading content because of high server usage.
T4,2,DOC-010-CASE-1,DOC-010,Technical Support,0.4652,"Technical Trouble. Several product integrations have stopped functioning unexpectedly. It might be due to an outdated API or software conflicts. After restarting systems, verifying configurations, and updating drivers, the problem still remains. I require support to address this issue."
T4,3,DOC-005-CASE-9,DOC-005,IT Support,0.4462,"Problem Detected with Data Analytics Dashboard Operation. Hello Customer Support, I am contacting you to report an unexpected issue with our data analytics dashboard. It has frozen, and we are uncertain of the reason behind it. We suspect the problem could be related to low disk space or software incompatibility. We have already attempted to restart the PostgreSQL server and examined the disk usage, but the issue still exists. This dashboard is crucial for our business operations, and it needs to be operational immediately. We would be grateful if you could investigate the issue and offer a resolution or advice on how to fix it. Thank you for your help and support in addressing this matter."
T4,4,DOC-008-CASE-11,DOC-008,Sales and Pre-Sales,0.4169,"Concerns with Medical Data Access. There has been an unexpected slowdown in accessing medical data, possibly due to network congestion or a software issue."
T4,5,DOC-010-CASE-8,DOC-010,Technical Support,0.4163,Delayed Data Analytics Response. have encountered unanticipated delays
T5,1,DOC-007-CASE-9,DOC-007,Returns and Exchanges,0.6413,"Support Inquiry for Product Compatibility. Request an update on the product's compatibility and integration features. Currently, the product is performing well with some software tools. I would appreciate it if you could look into updating the features to improve performance, which would greatly enhance the user experience. Please let me know your plans to address this issue. I look forward to hearing from you soon."
T5,2,DOC-006-CASE-11,DOC-006,Product Support,0.5308,"Support for SaaS Project Management Platform. Customer support, requesting enhancement and integration support for the affected products within the SaaS project management platform. The current integration capabilities are limited and are hindering our team's ability to manage projects efficiently. I would greatly appreciate an update on the potential timeline for enhanced integration support. This would significantly improve our overall experience with the platform. Thank you for your time and consideration."
T5,3,DOC-002-CASE-8,DOC-002,Customer Service,0.5074,"Support for Integrating Project Management Tools with Existing Products. I am in need of assistance with writing a request to integrate project management tools with our existing products. This integration would significantly enhance the functionality and user experience. Our goal is to streamline workflows, improve collaboration, and increase productivity. I believe that the integration would be highly beneficial for our customers and would like to discuss this further. Please let me know if there is an opportunity to explore this. I look forward to hearing from you."
T5,4,DOC-007-CASE-4,DOC-007,Returns and Exchanges,0.5023,Request for Update to Marketing Materials. I hope this message finds you well. I am reaching out to request an update to our current marketing materials. It is imperative that we include the details of our new product bundles and digital strategy offerings to effectively communicate our services and attract new clients. Please provide instructions on the necessary steps to initiate this update.
T5,5,DOC-008-CASE-2,DOC-008,Sales and Pre-Sales,0.4907,Inquiry on Pricing. I would like to gather more information about your digital marketing services and software integration options. Could you please share the pricing details and any current packages or promotions available?
T6,1,DOC-003-CASE-3,DOC-003,General Inquiry,0.7809,"Incorrect Investment Projections Noted. Hello Customer Support, I am contacting you to address an error in my investment projections. The analytics tool appears to be malfunctioning, leading to inaccurate predictions. This could be caused by a mismatch between the hardware and software. I have attempted to resolve the issue by rebooting my device, updating my device drivers, and verifying that there are no software conflicts, but the problem continues. I would be grateful if you could examine this situation and provide a solution promptly. If you require any more details from me to address the issue, please inform me. Thank you for your support."
T6,2,DOC-003-CASE-14,DOC-003,General Inquiry,0.7518,Problem with Investment Report Generation. The investment optimization model is unable to produce reports because of an incompatible update in the data analytics software. Restarting the system and updating the necessary components has not corrected the problem.
T6,3,DOC-005-CASE-7,DOC-005,IT Support,0.7054,"Needs Attention for Inaccurate Investment Projections. Respected Customer Care, I am contacting you to report an error with the investment forecasting service. The forecasts have been imprecise, which I believe could be due to obsolete models or data problems. After attempting to reboot the servers and examining the data sources, the issue still remains unresolved. I kindly ask you to investigate this problem and offer a prompt solution. These inaccurate predictions are affecting my ability to make educated investment choices. Although the data sources seem current, I am unsure if the models are incorporating the most recent data. Could you please inform me about the current status of this issue and when it is anticipated to be fixed? If you require any further details from me to address this matter, please let me know. I am looking forward to your response. Thank you for your support in resolving this. I am confident that with your assistance, we can restore the investment forecasting feature to its accurate state."
T6,4,DOC-002-CASE-12,DOC-002,Customer Service,0.7045,"Problem Encountered with Investment Analytics Platform. The investment analytics platform has experienced a malfunction, leading to data loss during portfolio optimization. It seems that incompatible software updates could be the cause. Despite restarting the system, verifying updates, and contacting IT support, the issue still persists. Assistance is needed to resolve the matter and ensure such problems do not reoccur in the future."
T6,5,DOC-004-CASE-11,DOC-004,Human Resources,0.7017,Problem with the Investment Tool. The data analytics dashboard I use has stopped functioning. It could be due to a lack of system resources. Restarting my MacBook Air and ensuring it is up to date did not resolve the issue.
T7,1,DOC-003-CASE-7,DOC-003,General Inquiry,0.5909,"Inquiry About Data Analytics Tool Malfunction. Dear Customer Support, I am writing to report an issue with our data analytics tools. The tools have malfunctioned, and we suspect a possible software incompatibility. We have attempted to restart the systems and check for updates, but the issue still persists. This incident occurred recently, and we are concerned about its ongoing impact on our operations. We would be grateful if you could examine this situation and provide a resolution at the earliest. Please inform us if there is any additional information you require from us to address this issue. We are available to provide more details or answer any questions you might have. Thank you for your prompt attention to this matter. We look forward to hearing from you soon. Sincerely, [Your Name]"
T7,2,DOC-006-CASE-1,DOC-006,Product Support,0.5415,"Concerns Over Data Analytics Precision. Facing difficulties with the accuracy of data analytics, which is impacting the optimization of investments due to recent software updates and data integration issues."
T7,3,DOC-003-CASE-10,DOC-003,General Inquiry,0.5043,"Customer Service Inquiry. A financial company is encountering unanticipated data inconsistencies in their investment analytics reports, which are likely due to incompatible software integrations or incorrect data imports."
T7,4,DOC-010-CASE-12,DOC-010,Technical Support,0.4781,"Problems with Digital Signatures Synchronization. Dear Customer Support, I am encountering difficulties with digital signatures not syncing between various platforms. It is possible that the problem originated from a potential integration glitch with Zapier. Despite restarting the Zapier connections and validating the API keys, the issue remains unresolved. I would be grateful if you could take a look at this and offer a solution at your earliest convenience. Please inform me if you require additional information from me. Thank you for your assistance and time. I eagerly await your response."
T7,5,DOC-003-CASE-13,DOC-003,General Inquiry,0.4743,"Query Concerning Campaign Metrics Update. I hope this message finds you well. I am currently encountering an issue where campaign metrics are not updating accurately. After verifying the data sources and refreshing the dashboard, the problem remains unresolved. I believe there might be a technical issue or an integration problem. I would greatly appreciate your prompt assistance in addressing this. Kindly inform me of any further actions required or if additional details are necessary to investigate. Thank you for your support in resolving this matter."
T8,1,DOC-003-CASE-11,DOC-003,General Inquiry,0.8328,Boosting Digital Brand Expansion. Seeking to understand digital strategies for enhancing brand growth. Could you provide details on the methods used to increase brand awareness and customer engagement? Interested in learning about the company's approaches to digital marketing tactics that are effective in driving growth.
T8,2,DOC-007-CASE-11,DOC-007,Returns and Exchanges,0.7894,"Update Marketing Strategies. Customer support, requesting an update on marketing strategies. We need to leverage digital tools to enhance brand visibility and drive growth across our products. Assistance in reaching a wider audience and increasing sales is needed."
T8,3,DOC-002-CASE-9,DOC-002,Customer Service,0.7688,"Effective Digital Strategies for Brand Growth with Our Products. Hi, I am keen to understand effective digital strategies that can boost brand growth with your products. Could you share your insights?"
T8,4,DOC-002-CASE-10,DOC-002,Customer Service,0.7459,"Improving Digital Marketing Tactics for Enhanced Brand Expansion. Hello Customer Support, I am writing to request an update on our digital marketing strategies. My goal is to enhance brand growth and customer engagement across different platforms. My objective is to increase our online presence and foster meaningful connections with our audience. I would greatly appreciate it if you could provide guidance on the latest trends and practices to help us achieve this. Please let me know the next steps to implement these changes. Thank you for your time and assistance."
T8,5,DOC-003-CASE-9,DOC-003,General Inquiry,0.7438,"Boosting Marketing Strategies Urgently Required. The digital marketing strategies of the agency are underperforming, which is impacting the brand's growth. I suspect that there is a lack of adequate analysis of the target audience and campaign optimization. Recent campaigns have shown some improvement in engagement metrics, but I need assistance to rectify the issue."
T9,1,DOC-004-CASE-3,DOC-004,Human Resources,0.7512,"Issue with Access to SaaS Functionality Reported. There has been a sudden failure in accessing critical SaaS functionalities, which might be due to a server overload configuration issue. An attempt was made to restart the affected applications."
T9,2,DOC-007-CASE-5,DOC-007,Returns and Exchanges,0.6243,Problem with Latest Update. Facing integration difficulties with SaaS
T9,3,DOC-009-CASE-8,DOC-009,Service Outages and Maintenance,0.4844,"Report on System Issues. Several integrations have encountered failures, which might be related to the potential expiration of API keys. Efforts were made to restart services and verify the credentials."
T9,4,DOC-009-CASE-5,DOC-009,Service Outages and Maintenance,0.4715,"Crash of Data Analytics System. The data analytics system has encountered a crash, which has impacted investment optimization. This might be attributed to inadequate server resources or out-of-date software. Efforts to restart the servers and update JIRA have not resolved the problem."
T9,5,DOC-006-CASE-11,DOC-006,Product Support,0.4688,"Support for SaaS Project Management Platform. Customer support, requesting enhancement and integration support for the affected products within the SaaS project management platform. The current integration capabilities are limited and are hindering our team's ability to manage projects efficiently. I would greatly appreciate an update on the potential timeline for enhanced integration support. This would significantly improve our overall experience with the platform. Thank you for your time and consideration."
T10,1,DOC-005-CASE-3,DOC-005,IT Support,0.4217,"Website Crash Report. Esteemed Support Team, I am reaching out to document an urgent issue experienced with our online platform. It abruptly stopped functioning during the night. I believe the problem might stem from outdated software components or excessive server load. Having already attempted to rectify the situation by rebooting the server and updating the plugins, the issue remains unresolved. Could you please examine this promptly and offer a resolution? Kindly inquire if there are any specifics you require from my end to address this situation. I stand ready to offer any additional information or cooperation necessary. Thank you for your prompt attention to this matter. I am eagerly awaiting your response at your earliest convenience."
T10,2,DOC-004-CASE-8,DOC-004,Human Resources,0.4051,Issue with Software Crash in Investment Optimization. The software experienced a crash during the investment optimization process.
T10,3,DOC-010-CASE-1,DOC-010,Technical Support,0.3876,"Technical Trouble. Several product integrations have stopped functioning unexpectedly. It might be due to an outdated API or software conflicts. After restarting systems, verifying configurations, and updating drivers, the problem still remains. I require support to address this issue."
T10,4,DOC-002-CASE-12,DOC-002,Customer Service,0.3422,"Problem Encountered with Investment Analytics Platform. The investment analytics platform has experienced a malfunction, leading to data loss during portfolio optimization. It seems that incompatible software updates could be the cause. Despite restarting the system, verifying updates, and contacting IT support, the issue still persists. Assistance is needed to resolve the matter and ensure such problems do not reoccur in the future."
T10,5,DOC-010-CASE-5,DOC-010,Technical Support,0.3276,"Secure Data Backup System Malfunction. Overnight, the secure data backup system experienced a failure which might be due to a software anomaly or hardware malfunction. After restarting the system and reviewing the logs and settings, the issue still exists. Would you please investigate this and provide a solution at the earliest convenience?"
T11,1,DOC-009-CASE-13,DOC-009,Service Outages and Maintenance,0.6193,"Technical Problem Affects Digital Campaign Deployment on Squarespace. A succinct explanation of the issue: Digital campaigns failed to deploy. This could be a result of a technical glitch with Squarespace integration. After restarting servers and verifying network connectivity, the problem still exists."
T11,2,DOC-008-CASE-3,DOC-008,Sales and Pre-Sales,0.5903,Problems with Digital Campaign Measurement. The digital campaign measurements are not functioning accurately. The problem could be related to the integration with QuickBooks Online. I have already checked the API connections and the data synchronization.
T11,3,DOC-003-CASE-12,DOC-003,General Inquiry,0.5518,Poor Performance of Digital Campaigns. Insufficient data analysis tools are currently employed
T11,4,DOC-010-CASE-1,DOC-010,Technical Support,0.5417,"Technical Trouble. Several product integrations have stopped functioning unexpectedly. It might be due to an outdated API or software conflicts. After restarting systems, verifying configurations, and updating drivers, the problem still remains. I require support to address this issue."
T11,5,DOC-005-CASE-3,DOC-005,IT Support,0.5346,"Website Crash Report. Esteemed Support Team, I am reaching out to document an urgent issue experienced with our online platform. It abruptly stopped functioning during the night. I believe the problem might stem from outdated software components or excessive server load. Having already attempted to rectify the situation by rebooting the server and updating the plugins, the issue remains unresolved. Could you please examine this promptly and offer a resolution? Kindly inquire if there are any specifics you require from my end to address this situation. I stand ready to offer any additional information or cooperation necessary. Thank you for your prompt attention to this matter. I am eagerly awaiting your response at your earliest convenience."
T12,1,DOC-003-CASE-13,DOC-003,General Inquiry,0.6812,"Query Concerning Campaign Metrics Update. I hope this message finds you well. I am currently encountering an issue where campaign metrics are not updating accurately. After verifying the data sources and refreshing the dashboard, the problem remains unresolved. I believe there might be a technical issue or an integration problem. I would greatly appreciate your prompt assistance in addressing this. Kindly inform me of any further actions required or if additional details are necessary to investigate. Thank you for your support in resolving this matter."
T12,2,DOC-010-CASE-11,DOC-010,Technical Support,0.5829,"Problem with Data Load. The data analytics dashboard has failed to load, possibly due to insufficient server resources. I have already restarted the servers and verified the database connections, however, the problem still exists."
T12,3,DOC-008-CASE-3,DOC-008,Sales and Pre-Sales,0.5466,Problems with Digital Campaign Measurement. The digital campaign measurements are not functioning accurately. The problem could be related to the integration with QuickBooks Online. I have already checked the API connections and the data synchronization.
T12,4,DOC-004-CASE-11,DOC-004,Human Resources,0.5359,Problem with the Investment Tool. The data analytics dashboard I use has stopped functioning. It could be due to a lack of system resources. Restarting my MacBook Air and ensuring it is up to date did not resolve the issue.
T12,5,DOC-005-CASE-9,DOC-005,IT Support,0.5171,"Problem Detected with Data Analytics Dashboard Operation. Hello Customer Support, I am contacting you to report an unexpected issue with our data analytics dashboard. It has frozen, and we are uncertain of the reason behind it. We suspect the problem could be related to low disk space or software incompatibility. We have already attempted to restart the PostgreSQL server and examined the disk usage, but the issue still exists. This dashboard is crucial for our business operations, and it needs to be operational immediately. We would be grateful if you could investigate the issue and offer a resolution or advice on how to fix it. Thank you for your help and support in addressing this matter."
T13,1,DOC-003-CASE-6,DOC-003,General Inquiry,0.5721,"Enhance Data Analytics Software for Investment. Seeking assistance in optimizing data analytics software to enhance investment strategies across our product line. This will aid in making more informed decisions and improving efficiency. We would appreciate guidance on how to effectively use the tools and software, and are open to additional support resources that may be available."
T13,2,DOC-002-CASE-14,DOC-002,Customer Service,0.5477,"Inquiry About Tools for Optimizing Investment Portfolios. Hello Customer Support, I am writing to inquire about data analytics tools that can assist with optimizing investment portfolios for individual investors. As an individual investor, I seek tools that can help me make well-informed decisions and enhance my returns. I would greatly appreciate it if you could offer me recommendations or guidance on how to begin. Specifically, I am keen on learning more about tools capable of analyzing market trends, monitoring portfolio performance, and providing tailored investment advice. I have become aware of various tools such as Excel, Python libraries, and web-based platforms, but I would like to gain more insight into their features and advantages. Could you kindly provide me with additional information or direct me to resources that can help me explore these options further? I eagerly await your response. Thanks for your time and support."
T13,3,DOC-007-CASE-12,DOC-007,Returns and Exchanges,0.5164,"Assistance with Data Problem. The data analysis tools have encountered issues, affecting the investment optimization process."
T13,4,DOC-008-CASE-4,DOC-008,Sales and Pre-Sales,0.5126,Enhancing Investment Approaches Through Data Utilization. Which tools are employed for investment purposes?
T13,5,DOC-008-CASE-1,DOC-008,Sales and Pre-Sales,0.4794,"Inquiry Into Investment Optimization Services. Hello Customer Support, I have reached out to gather information on the data analytics tools you supply for investment optimization. Could you please furnish me with a list of the tools and platforms used to assess investment data and optimize portfolios? I am especially eager to learn more about your risk management and portfolio optimization services. Moreover, could you tell me if you provide any machine learning or AI-based solutions for investment optimization? Also, I would greatly appreciate any case studies or examples of how your data analytics tools have enabled clients to meet their investment objectives. Thank you for your time and support. I anticipate your prompt response. Kind regards, [Your Name]"
T14,1,DOC-002-CASE-5,DOC-002,Customer Service,0.5869,"Support for Reduced Brand Engagement. Our marketing agency has encountered a decline in brand engagement, despite implementing digital strategies. This could be due to ongoing technical issues with outdated tools. We have already attempted to revise ad campaigns and optimize available software tools, but we need further assistance to resolve these issues."
T14,2,DOC-008-CASE-7,DOC-008,Sales and Pre-Sales,0.5692,"Challenge with Social Media Engagement. I am facing difficulties with low engagement in my social media campaigns. The issue is primarily due to inadequate targeting and content that is no longer relevant. Although I have made efforts to adjust my ad budget and update my content strategy, the problem remains unresolved. I would greatly appreciate any support you can provide to address this issue and enhance the engagement on my social media platforms."
T14,3,DOC-007-CASE-1,DOC-007,Returns and Exchanges,0.5306,"Problem with Ad Targeting and Campaign Performance. Hello Customer Support, I am contacting you to report an issue with my recent ad campaign. The campaign's success has been compromised due to inaccurate targeting. After thoroughly checking the settings, I suspect that the audience configuration might be the cause. Despite attempting to modify the demographics, the issue remains unresolved. I would be very grateful for your assistance in resolving this matter. Could you please help me pinpoint the root cause of the problem and offer guidance on properly setting up the audience targeting? I have reviewed the settings multiple times, but there might be something I overlooked. Your support in this regard would be highly appreciated. Thank you for your attention and assistance. I eagerly await your response."
T14,4,DOC-003-CASE-9,DOC-003,General Inquiry,0.5193,"Boosting Marketing Strategies Urgently Required. The digital marketing strategies of the agency are underperforming, which is impacting the brand's growth. I suspect that there is a lack of adequate analysis of the target audience and campaign optimization. Recent campaigns have shown some improvement in engagement metrics, but I need assistance to rectify the issue."
T14,5,DOC-007-CASE-10,DOC-007,Returns and Exchanges,0.5053,Concerns About Recent Products. There have been return issues stemming from customer dissatisfaction with the Codecademy Nuendo products. Our campaigns aimed at enhancing engagement helped to address this problem.
T15,1,DOC-008-CASE-7,DOC-008,Sales and Pre-Sales,0.738,"Challenge with Social Media Engagement. I am facing difficulties with low engagement in my social media campaigns. The issue is primarily due to inadequate targeting and content that is no longer relevant. Although I have made efforts to adjust my ad budget and update my content strategy, the problem remains unresolved. I would greatly appreciate any support you can provide to address this issue and enhance the engagement on my social media platforms."
T15,2,DOC-003-CASE-9,DOC-003,General Inquiry,0.7051,"Boosting Marketing Strategies Urgently Required. The digital marketing strategies of the agency are underperforming, which is impacting the brand's growth. I suspect that there is a lack of adequate analysis of the target audience and campaign optimization. Recent campaigns have shown some improvement in engagement metrics, but I need assistance to rectify the issue."
T15,3,DOC-002-CASE-5,DOC-002,Customer Service,0.6863,"Support for Reduced Brand Engagement. Our marketing agency has encountered a decline in brand engagement, despite implementing digital strategies. This could be due to ongoing technical issues with outdated tools. We have already attempted to revise ad campaigns and optimize available software tools, but we need further assistance to resolve these issues."
T15,4,DOC-002-CASE-11,DOC-002,Customer Service,0.6323,"Marketing Agency's Recent Digital Campaigns Fall Short of Growth Goals. Adjusted Audience Segmentation and Analyzed Past Campaign Data, But Improvement Is Still Needed. Urgent Attention Required.. The recent digital campaigns by the marketing agency have not met the growth targets. After attempting to adjust the audience segmentation and analyze previous campaign data, there was some improvement, but the issue still persists and requires urgent attention."
T15,5,DOC-002-CASE-10,DOC-002,Customer Service,0.6233,"Improving Digital Marketing Tactics for Enhanced Brand Expansion. Hello Customer Support, I am writing to request an update on our digital marketing strategies. My goal is to enhance brand growth and customer engagement across different platforms. My objective is to increase our online presence and foster meaningful connections with our audience. I would greatly appreciate it if you could provide guidance on the latest trends and practices to help us achieve this. Please let me know the next steps to implement these changes. Thank you for your time and assistance."
T16,1,DOC-003-CASE-9,DOC-003,General Inquiry,0.807,"Boosting Marketing Strategies Urgently Required. The digital marketing strategies of the agency are underperforming, which is impacting the brand's growth. I suspect that there is a lack of adequate analysis of the target audience and campaign optimization. Recent campaigns have shown some improvement in engagement metrics, but I need assistance to rectify the issue."
T16,2,DOC-007-CASE-1,DOC-007,Returns and Exchanges,0.7083,"Problem with Ad Targeting and Campaign Performance. Hello Customer Support, I am contacting you to report an issue with my recent ad campaign. The campaign's success has been compromised due to inaccurate targeting. After thoroughly checking the settings, I suspect that the audience configuration might be the cause. Despite attempting to modify the demographics, the issue remains unresolved. I would be very grateful for your assistance in resolving this matter. Could you please help me pinpoint the root cause of the problem and offer guidance on properly setting up the audience targeting? I have reviewed the settings multiple times, but there might be something I overlooked. Your support in this regard would be highly appreciated. Thank you for your attention and assistance. I eagerly await your response."
T16,3,DOC-008-CASE-7,DOC-008,Sales and Pre-Sales,0.7008,"Challenge with Social Media Engagement. I am facing difficulties with low engagement in my social media campaigns. The issue is primarily due to inadequate targeting and content that is no longer relevant. Although I have made efforts to adjust my ad budget and update my content strategy, the problem remains unresolved. I would greatly appreciate any support you can provide to address this issue and enhance the engagement on my social media platforms."
T16,4,DOC-002-CASE-11,DOC-002,Customer Service,0.6954,"Marketing Agency's Recent Digital Campaigns Fall Short of Growth Goals. Adjusted Audience Segmentation and Analyzed Past Campaign Data, But Improvement Is Still Needed. Urgent Attention Required.. The recent digital campaigns by the marketing agency have not met the growth targets. After attempting to adjust the audience segmentation and analyze previous campaign data, there was some improvement, but the issue still persists and requires urgent attention."
T16,5,DOC-002-CASE-5,DOC-002,Customer Service,0.6658,"Support for Reduced Brand Engagement. Our marketing agency has encountered a decline in brand engagement, despite implementing digital strategies. This could be due to ongoing technical issues with outdated tools. We have already attempted to revise ad campaigns and optimize available software tools, but we need further assistance to resolve these issues."
T17,1,DOC-009-CASE-12,DOC-009,Service Outages and Maintenance,0.516,"Report on Unforeseen Service Interruption. Hello Customer Support, I am submitting a report regarding an unexpected service interruption that has affected multiple products, including Kubernetes ClickUp. The exact cause of the outage has not yet been determined, and it could be due to an overload or a configuration error. Initial steps taken included system reboots and checking the logs, but the issues still persist. I would greatly appreciate it if you could look into this matter urgently and provide a resolution as soon as possible. Please keep me informed."
T17,2,DOC-004-CASE-8,DOC-004,Human Resources,0.4965,Issue with Software Crash in Investment Optimization. The software experienced a crash during the investment optimization process.
T17,3,DOC-009-CASE-11,DOC-009,Service Outages and Maintenance,0.4888,Request for Assistance with Service Interruption. Currently encountering issues with the medical data systems during a service outage
T17,4,DOC-008-CASE-4,DOC-008,Sales and Pre-Sales,0.4775,Enhancing Investment Approaches Through Data Utilization. Which tools are employed for investment purposes?
T17,5,DOC-001-CASE-9,DOC-001,Billing and Payments,0.4689,Inquiry Regarding Data Analytics Services. Is it possible to get information on data analytics services that optimize investment strategies? This would greatly assist us in making informed decisions and potentially enhancing our portfolio performance. Thank you for your assistance!
T18,1,DOC-003-CASE-7,DOC-003,General Inquiry,0.7432,"Inquiry About Data Analytics Tool Malfunction. Dear Customer Support, I am writing to report an issue with our data analytics tools. The tools have malfunctioned, and we suspect a possible software incompatibility. We have attempted to restart the systems and check for updates, but the issue still persists. This incident occurred recently, and we are concerned about its ongoing impact on our operations. We would be grateful if you could examine this situation and provide a resolution at the earliest. Please inform us if there is any additional information you require from us to address this issue. We are available to provide more details or answer any questions you might have. Thank you for your prompt attention to this matter. We look forward to hearing from you soon. Sincerely, [Your Name]"
T18,2,DOC-009-CASE-5,DOC-009,Service Outages and Maintenance,0.7197,"Crash of Data Analytics System. The data analytics system has encountered a crash, which has impacted investment optimization. This might be attributed to inadequate server resources or out-of-date software. Efforts to restart the servers and update JIRA have not resolved the problem."
T18,3,DOC-005-CASE-9,DOC-005,IT Support,0.6739,"Problem Detected with Data Analytics Dashboard Operation. Hello Customer Support, I am contacting you to report an unexpected issue with our data analytics dashboard. It has frozen, and we are uncertain of the reason behind it. We suspect the problem could be related to low disk space or software incompatibility. We have already attempted to restart the PostgreSQL server and examined the disk usage, but the issue still exists. This dashboard is crucial for our business operations, and it needs to be operational immediately. We would be grateful if you could investigate the issue and offer a resolution or advice on how to fix it. Thank you for your help and support in addressing this matter."
T18,4,DOC-009-CASE-6,DOC-009,Service Outages and Maintenance,0.6734,"Issue with Unexpected Data Loss During Analytics Processing. I am currently facing unexpected data loss during the analytics processing phase, which could be caused by inadequate memory allocation. Despite restarting the servers and checking for available software updates, the problem remains unresolved. I would greatly appreciate any prompt assistance in addressing this issue. Kindly advise on the appropriate steps to take next."
T18,5,DOC-005-CASE-3,DOC-005,IT Support,0.6568,"Website Crash Report. Esteemed Support Team, I am reaching out to document an urgent issue experienced with our online platform. It abruptly stopped functioning during the night. I believe the problem might stem from outdated software components or excessive server load. Having already attempted to rectify the situation by rebooting the server and updating the plugins, the issue remains unresolved. Could you please examine this promptly and offer a resolution? Kindly inquire if there are any specifics you require from my end to address this situation. I stand ready to offer any additional information or cooperation necessary. Thank you for your prompt attention to this matter. I am eagerly awaiting your response at your earliest convenience."
T19,1,DOC-008-CASE-8,DOC-008,Sales and Pre-Sales,0.8574,Strategies for Expanding Digital Brand Influence and Innovating Products. Our company requires tailored digital strategies to enhance brand expansion and product innovation. Could you please provide guidance on the most effective methodologies?
T19,2,DOC-002-CASE-10,DOC-002,Customer Service,0.8463,"Improving Digital Marketing Tactics for Enhanced Brand Expansion. Hello Customer Support, I am writing to request an update on our digital marketing strategies. My goal is to enhance brand growth and customer engagement across different platforms. My objective is to increase our online presence and foster meaningful connections with our audience. I would greatly appreciate it if you could provide guidance on the latest trends and practices to help us achieve this. Please let me know the next steps to implement these changes. Thank you for your time and assistance."
T19,3,DOC-002-CASE-9,DOC-002,Customer Service,0.8426,"Effective Digital Strategies for Brand Growth with Our Products. Hi, I am keen to understand effective digital strategies that can boost brand growth with your products. Could you share your insights?"
T19,4,DOC-003-CASE-11,DOC-003,General Inquiry,0.8311,Boosting Digital Brand Expansion. Seeking to understand digital strategies for enhancing brand growth. Could you provide details on the methods used to increase brand awareness and customer engagement? Interested in learning about the company's approaches to digital marketing tactics that are effective in driving growth.
T19,5,DOC-006-CASE-10,DOC-006,Product Support,0.818,"Promotion Expansion. Hello customer support, I would like to get in touch regarding the digital tactics that enhance brand growth for marketing firms focused on innovative products. Could you assist me by sharing some knowledge or directing me to a relevant resource? Any support you can provide would be greatly appreciated. Thank you for your attention and help."
T20,1,DOC-007-CASE-11,DOC-007,Returns and Exchanges,0.7388,"Update Marketing Strategies. Customer support, requesting an update on marketing strategies. We need to leverage digital tools to enhance brand visibility and drive growth across our products. Assistance in reaching a wider audience and increasing sales is needed."
T20,2,DOC-002-CASE-10,DOC-002,Customer Service,0.7024,"Improving Digital Marketing Tactics for Enhanced Brand Expansion. Hello Customer Support, I am writing to request an update on our digital marketing strategies. My goal is to enhance brand growth and customer engagement across different platforms. My objective is to increase our online presence and foster meaningful connections with our audience. I would greatly appreciate it if you could provide guidance on the latest trends and practices to help us achieve this. Please let me know the next steps to implement these changes. Thank you for your time and assistance."
T20,3,DOC-006-CASE-10,DOC-006,Product Support,0.679,"Promotion Expansion. Hello customer support, I would like to get in touch regarding the digital tactics that enhance brand growth for marketing firms focused on innovative products. Could you assist me by sharing some knowledge or directing me to a relevant resource? Any support you can provide would be greatly appreciated. Thank you for your attention and help."
T20,4,DOC-003-CASE-11,DOC-003,General Inquiry,0.6617,Boosting Digital Brand Expansion. Seeking to understand digital strategies for enhancing brand growth. Could you provide details on the methods used to increase brand awareness and customer engagement? Interested in learning about the company's approaches to digital marketing tactics that are effective in driving growth.
T20,5,DOC-003-CASE-9,DOC-003,General Inquiry,0.6486,"Boosting Marketing Strategies Urgently Required. The digital marketing strategies of the agency are underperforming, which is impacting the brand's growth. I suspect that there is a lack of adequate analysis of the target audience and campaign optimization. Recent campaigns have shown some improvement in engagement metrics, but I need assistance to rectify the issue."
